{
  "LOGIN": {
    "USERNAME": { "LABEL": "Username", "PLACEHOLDER": "Username" },
    "PASSWORD": { "LABEL": "Password", "PLACEHOLDER": "Password", "HINT": "Hint: default is ngrx" },
    "SIGN_IN": "Sign In"
  },
  "BOOKS": {
    "DETAILS": {
      "AUTHORS": "Authors:",
      "PUBLISHED": "Published:",
      "LANGUAGE": "Language:"
    },
    "SEARCH": {
      "PLACEHOLDER": "Find a Book"
    },
    "COLLECTION": {
      "SHOW_DETAILS": "View Details"
    }
  },
  "404": {
    "TITLE": "404: Not Found",
    "DESCRIPTION": "Hey! It looks like this page doesn't exist yet.",
    "ACTION": "Take Me Home"
  },
  "FEATURES": {
    "LOGOUT": {
      "TITLE": "Logout",
      "CANCEL": "Cancel",
      "DESCRIPTION": "Are you sure you want to logout?",
      "OK": "Ok"
    },
    "SIDENAV": {
      "MY_COLLECTION": "My Collection",
      "BROWSE_BOOKS": "Browse Books",
      "SIGN_IN": "Sign In",
      "SIGN_OUT": "Sign Out"
    }
  },
  "BOOKING": {
    "PROFILE_PIC": "Profile Picture"
  },
  "CALENDAR": {
    "CALENDAR": "Calendar",
    "PREVIOUS_MONTH": "Previous Month",
    "NEXT_MONTH": "Next Month",
    "DAYS_OF_WEEK_SHORT": {
      "MONDAY": "Mo",
      "TUESDAY": "Tu",
      "WEDNESDAY": "We",
      "THURSDAY": "Th",
      "FRIDAY": "Fr",
      "SATURDAY": "Sa",
      "SUNDAY": "Su"
    },
    "DAYS_OF_WEEK": {
      "MONDAY": "Monday",
      "TUESDAY": "Tuesday",
      "WEDNESDAY": "Wednesday",
      "THURSDAY": "Thursday",
      "FRIDAY": "Friday",
      "SATURDAY": "Saturday",
      "SUNDAY": "Sunday"
    }
  },
  "SETTINGS" : {
    "BOOKING_TYPE" : {
      "LABEL" : "Booking types",
      "DESCRIPTION" : "Activate the types of meetings you'd like to offer on your booking page. Ensure you provide all necessary details for each type to ensure a seamless booking experience for your clients", 
      "OUTBOUND_PHONE_CALL" : {
        "LABEL" : "Outbound Phone Call",
        "DESCRIPTION" : "You will initiate the call to the customer. Ensure you have their correct contact details."
      },
      "INBOUND_PHONE_CALL" : {
        "LABEL" : "Inbound Phone Call",
        "DESCRIPTION" : "The customer will initiate the call to you. Please provide your phone number below to facilitate this."
      },
      "PHONE_NUMBER" : "Phone number",
      "VIDEO_CONFERENCE" : {
        "LABEL" : " Video Conference with Zoom",
        "DESCRIPTION" : "A video call using Zoom. To facilitate this, please connect your Zoom account below."
      },
      "CONNECT_ZOOM" : "Connect Zoom"
    },
    "LOGO_UPLOAD" : {
      "LOGO" : "Logo",
      "DESCRIPTION" : "Your company branding will appear at the top-left corner of the booking page.",
      "RECOMMENDED_SIZE" : "Recommended size 800 x 450, max size 1MB.",
      "IMAGE_ALT" : "logo",
      "UPLOAD_BUTTON" : "Upload Image",
      "REMOVE_BUTTON" : "Remove"
    },
    "COLOR_PICKER" : {
      "COLORS" : "colors",
      "DESCRIPTION" : "Your company branding will appear at the top-left corner of the booking page.",
      "PRIMARY_COLOR" : "Primary color",
      "SECONDARY_COLOR" : "Secondary color",
      "PICK_COLOR" : "Pick Color"
    },
    "PREVIEW":{
      "LABEL" : "Preview"
    }
  }
}
